Tier-1,Tier-2,Tier-3,Tier-4,place,activity,actor
Pets,Dogs,Dog,African_hunting_dog,wild,in the,
Automotive,Auto Type,Car,sports_car,,driving,person
Pets,Fish and Aquariums,Fish,anemone_fish,sea/ocean,in the,
Pets,Cats,Cat,tiger_cat,outdoors,in the,
Pets,Birds,Chicken,prairie_chicken,outdoors,in the,
Pets,Dogs,Hamster,hamster,house,in the,
Pets,Dogs,Dog,Maltese_dog,outdoors,in the,
Pets,Large Animals,Horse,horse_cart,outdoors,in the,
Pets,Reptiles,Rodent,guinea_pig,outdoors,in the,
Events and Attractions,Parks & Nature,Bird,great_grey_owl,wild,in the,
Events and Attractions,Parks & Nature,Rabbit,wood_rabbit,outdoors,in the,
Events and Attractions,Parks & Nature,Bird,peacock,wild,in the,
News and Politics,Politics,Coat,fur_coat,,speaking,person
Events and Attractions,Parks & Nature,Reptile,alligator_lizard,wild,in the,
Events and Attractions,Parks & Nature,Alpaca,Angora,wild,in the,
Events and Attractions,Parks & Nature,Lobster,spiny_lobster,sea/ocean,in the,
Events and Attractions,Parks & Nature,Amphibian,amphibian,sea/ocean,in the,
Real Estate,Developmental Sites,Mining,drilling_platform,site,constructing,people
Events and Attractions,Parks & Nature,Insects,ant,wild,in the,
Events and Attractions,Parks & Nature,Sheep,bighorn,wild,in the,
Events and Attractions,Parks & Nature,Bison,bison,wild,in the,
Events and Attractions,Parks & Nature,gorilla,gorilla,wild,in the,
Events and Attractions,Parks & Nature,Monkey,spider_monkey,wild,in the,
Events and Attractions,Parks & Nature,Squirrel,fox_squirrel,wild,in the,
Events and Attractions,Parks & Nature,Insects,nematode,wild,in the,
Events and Attractions,Parks & Nature,Bird,house_finch,wild,in the,
Events and Attractions,Parks & Nature,Baboon,baboon,wild,in the,
Events and Attractions,Parks & Nature,Badger,badger,wild,in the,
Events and Attractions,Parks & Nature,Eagle,bald_eagle,wild,in the,
Events and Attractions,Parks & Nature,Monkey,proboscis_monkey,wild,in the,
Events and Attractions,Parks & Nature,Bear,sloth_bear,wild,in the,
Events and Attractions,Parks & Nature,Beaver,beaver,lake,in the,
Events and Attractions,Parks & Nature,Insects,bee,wild,in the,
Events and Attractions,Parks & Nature,Insects,leaf_beetle,wild,in the,
Events and Attractions,Parks & Nature,Whale,killer_whale,sea/ocean,in the,
Pets,Cats,Cats,Siamese_cat,outdoors,in the,
Events and Attractions,Parks & Nature,Coral,brain_coral,sea/ocean,in the,
Events and Attractions,Parks & Nature,Bird,hummingbird,wild,in the,
Events and Attractions,Parks & Nature,Bird,birdhouse,outdoors,in the,
Events and Attractions,Parks & Nature,Tiger,tiger,wild,in the,
Events and Attractions,Parks & Nature,Swan,black_swan,wild,in the,
Events and Attractions,Parks & Nature,Bird,little_blue_heron,wild,in the,
Events and Attractions,Parks & Nature,Bird,chickadee,wild,in the,
Events and Attractions,Parks & Nature,Snake,green_snake,wild,in the,
Events and Attractions,Parks & Nature,Coyote,coyote,wild,in the,
Events and Attractions,Parks & Nature,Bear,brown_bear,wild,in the,
Events and Attractions,Parks & Nature,Dog,bull_mastiff,wild,in the,
Events and Attractions,Parks & Nature,Frog,bullfrog,wild,in the,
Events and Attractions,Parks & Nature,Insects,ladybug,wild,in the,
Events and Attractions,Parks & Nature,Butterfly,cabbage_butterfly,wild,in the,
Healthy Living,Fitness and Exercise,Knee Pad,knee_pad,,wearing,person
Events and Attractions,Parks & Nature,Camel,Arabian_camel,wild,in the,
Events and Attractions,Parks & Nature,Monkey,squirrel_monkey,wild,in the,
Events and Attractions,Parks & Nature,Insects,cockroach,wild,in the,
Events and Attractions,Parks & Nature,Animal,Carnivoran,wild,in the,
Events and Attractions,Parks & Nature,Anteater,echidna,wild,in the,
Events and Attractions,Parks & Nature,Hog,hog,wild,in the,
Events and Attractions,Parks & Nature,Chameleon,African_chameleon,wild,in the,
Events and Attractions,Parks & Nature,Wild Boar,wild_boar,wild,in the,
Events and Attractions,Parks & Nature,Cheetah,cheetah,wild,in the,
Events and Attractions,Parks & Nature,Turtle,leatherback_turtle,wild,in the,
Events and Attractions,Parks & Nature,Chimpanzee,chimpanzee,wild,in the,
Events and Attractions,Parks & Nature,Crab,Dungeness_crab,sea/ocean,in the,
Events and Attractions,Parks & Nature,Jellyfish,jellyfish,sea/ocean,in the,
Events and Attractions,Parks & Nature,Bird,sulphur-crested_cockatoo,outdoors,in the,
Food & Drink,Dining Out,Lobster,American_lobster,table,dining,person
Unsafe,War/Conflict,Weapon,revolver,,attacking,people
Events and Attractions,Parks & Nature,Reef,coral_reef,sea/ocean,in the,
Events and Attractions,Parks & Nature,Cougar,cougar,wild,in the,
Real Estate,Developmental Sites,Crane,crane,,constructing,people
Events and Attractions,Parks & Nature,Fish,crayfish,sea/ocean,in the,
Events and Attractions,Parks & Nature,Crocodile,African_crocodile,sea/ocean,in the,
Events and Attractions,Parks & Nature,Spider,wolf_spider,outdoors,in the,
Events and Attractions,Parks & Nature,Crab,isopod,sea/ocean,in the,
Events and Attractions,Parks & Nature,Dog,dingo,outdoors,in the,
Events and Attractions,Parks & Nature,Dinosaur,triceratops,outdoors,in the,
Events and Attractions,Parks & Nature,Shark,tiger_shark,sea/ocean,in the,
Events and Attractions,Parks & Nature,Lizard,Komodo_dragon,wild,in the,
Events and Attractions,Parks & Nature,Bird,goose,wild,in the,
Events and Attractions,Parks & Nature,Fish,Echinoderm,wild,in the,
Events and Attractions,Parks & Nature,Elephant,African_elephant,wild,in the,
Events and Attractions,Parks & Nature,Ostrich,ostrich,wild,in the,
Events and Attractions,Parks & Nature,Fish,spotted_salamander,wild,in the,
Events and Attractions,Parks & Nature,Insects,fly,wild,in the,
Events and Attractions,Parks & Nature,Frog,tree_frog,wild,in the,
Events and Attractions,Parks & Nature,Gazelle,gazelle,wild,in the,
Events and Attractions,Parks & Nature,Gecko,banded_gecko,wild,in the,
Events and Attractions,Parks & Nature,Panda,giant_panda,wild,in the,
Events and Attractions,Parks & Nature,Zebra,zebra,wild,in the,
Events and Attractions,Parks & Nature,Giraffe,Giraffidae,wild,in the,
Events and Attractions,Parks & Nature,Lizard,green_lizard,wild,in the,
Events and Attractions,Parks & Nature,Llama,llama,wild,in the,
Unsafe,War/Conflict,Weapon,shield,,activity,first responders
Events and Attractions,Parks & Nature,Rabbit,hare,wild,in the,
Events and Attractions,Parks & Nature,Dog,collie,wild,in the,
Events and Attractions,Parks & Nature,Fish,sturgeon,wild,in the,
Food & Drink,Cooking,Pomegranate,pomegranate,table,on the,
Events and Attractions,Parks & Nature,Hippopotamus,hippopotamus,wild,in the,
Events and Attractions,Parks & Nature,Insects,honeycomb,wild,in the,
Events and Attractions,Parks & Nature,Hyena,hyena,wild,in the,
Events and Attractions,Parks & Nature,Iguana,common_iguana,wild,in the,
Events and Attractions,Parks & Nature,Impala,impala,wild,in the,
Events and Attractions,Parks & Nature,Wallaby,wallaby,wild,in the,
Events and Attractions,Parks & Nature,Penguin,king_penguin,wild,in the,
Events and Attractions,Parks & Nature,Koala,koala,wild,in the,
Pets,Dogs,Dog,Pekinese,wild,in the,
Events and Attractions,Parks & Nature,Monkey,marmoset,wild,in the,
Events and Attractions,Parks & Nature,Leopard,leopard,wild,in the,
Events and Attractions,Parks & Nature,Lion,lion,wild,in the,
Events and Attractions,Parks & Nature,Reptile,common_newt,wild,in the,
Events and Attractions,Parks & Nature,Turtle,loggerhead,wild,in the,
Pets,Birds,Bird,macaw,wild,in the,
Events and Attractions,Parks & Nature,Fish,eel,sea/ocean,in the,
Events and Attractions,Parks & Nature,Fish,dugong,sea/ocean,in the,
Style & Fashion,Beauty,Wig,wig,,wearing,person
Events and Attractions,Parks & Nature,Fish,electric_ray,sea/ocean,in the,
Events and Attractions,Parks & Nature,Mantis,mantis,wild,in the,
Events and Attractions,Parks & Nature,Bird,white_stork,wild,in the,
Events and Attractions,Parks & Nature,Deer,lynx,wild,in the,
Events and Attractions,Parks & Nature,Rodent,meerkat,wild,in the,
Events and Attractions,Parks & Nature,Fish,Milkfish,sea/ocean,in the,
Events and Attractions,Parks & Nature,Mink,mink,wild,in the,
Events and Attractions,Parks & Nature,Mongoose,mongoose,wild,in the,
Events and Attractions,Parks & Nature,Mammal,Monotreme,wild,in the,
Home & Garden,Interior Decorating,Net,mosquito_net,house,in the,
Events and Attractions,Parks & Nature,Mouse,mouse,wild,in the,
Events and Attractions,Parks & Nature,Oxen,ox,wild,in the,
Events and Attractions,Parks & Nature,Oxen,Muskox,wild,in the,
Events and Attractions,Parks & Nature,Otter,otter,wild,in the,
Events and Attractions,Parks & Nature,Mammal,weasel,wild,in the,
Events and Attractions,Parks & Nature,Snail,Nautlida,sea/ocean,in the,
Events and Attractions,Parks & Nature,Mammal,armadillo,wild,in the,
Events and Attractions,Parks & Nature,Orangutan,orangutan,wild,in the,
Events and Attractions,Parks & Nature,Fungus,coral_fungus,sea/ocean,in the,
Events and Attractions,Parks & Nature,Bird,pelican,wild,in the,
Events and Attractions,Parks & Nature,Bird,quail,wild,in the,
Events and Attractions,Parks & Nature,Bird,Pollinator,wild,in the,
Events and Attractions,Parks & Nature,Porcupine,porcupine,wild,in the,
Events and Attractions,Parks & Nature,Jaguar,jaguar,wild,in the,
Events and Attractions,Parks & Nature,Ram,ram,wild,in the,
Events and Attractions,Parks & Nature,Fox,red_fox,wild,in the,
Events and Attractions,Parks & Nature,Fox,Arctic_fox,wild,in the,
Events and Attractions,Parks & Nature,Insects,rhinoceros_beetle,wild,in the,
Events and Attractions,Parks & Nature,Snake,thunder_snake,wild,in the,
Events and Attractions,Parks & Nature,Scorpion,scorpion,wild,in the,
Events and Attractions,Parks & Nature,Anemones,sea_anemone,sea/ocean,in the,
Events and Attractions,Parks & Nature,Snail,snail,sea/ocean,in the,
Events and Attractions,Parks & Nature,Sea Urchin,sea_urchin,sea/ocean,in the,
Events and Attractions,Parks & Nature,Sea Lion,sea_lion,sea/ocean,in the,
Events and Attractions,Parks & Nature,Fish,starfish,sea/ocean,in the,
Events and Attractions,Parks & Nature,Crab,hermit_crab,sea/ocean,in the,
Events and Attractions,Parks & Nature,Insects,weevil,wild,in the,
Events and Attractions,Parks & Nature,Insects,slug,wild,in the,
Events and Attractions,Parks & Nature,Grouse,ruffed_grouse,wild,in the,
Events and Attractions,Parks & Nature,Spider,spider_web,wild,in the,
Events and Attractions,Parks & Nature,Frog,tailed_frog,wild,in the,
Events and Attractions,Parks & Nature,Insects,ground_beetle,wild,in the,
Food & Drink,Cooking,Meat,meat_loaf,table,dining,person
Events and Attractions,Parks & Nature,Snake,horned_viper,wild,in the,
Events and Attractions,Parks & Nature,Warthog,warthog,wild,in the,
Events and Attractions,Parks & Nature,Buffalo,water_buffalo,wild,in the,
Events and Attractions,Parks & Nature,Mammal,wombat,wild,in the,
Home & Garden,Landscaping,Fence,worm_fence,,constructing,person
Events and Attractions,Parks & Nature,Marine Life,Zooplankton,sea/ocean,in the,
Home & Garden,Landscaping,Wall,stone_wall,building,cleaning,person
Technology & Computing,Consumer Electronics,Camera,Polaroid_camera,,working,person
Home & Garden,Interior Decorating,Cabinet,china_cabinet,,dining,person
Events and Attractions,Parks & Nature,Display,comic_book,,viewing,person
Automotive,Auto Type,Car,Model_T,,driving,person
Home & Garden,Interior Decorating,Paper Towel,paper_towel,house,in the,
Science,Geology,Rock,rock_beauty,land formation,near,
Healthy Living,Fitness and Exercise,Walking,walking_stick,house,walking,person
Fine Art,Design,Brass,brass,table,working,person
Education,Homework and Study,Pen,fountain_pen,table,studying,person
Food & Drink,Cooking,Spoon,wooden_spoon,table,dining,person
Home & Garden,Bedroom,Quilt,quilt,house,cleaning,person
Fine Art,Costume,Sewing,sewing_machine,office,working,person
News and Politics,Politics,Sweater,Cardigan,,speaking,person
Events and Attractions,Theater Venues and Events,Sign,web_site,message,display,
Education,Homework and Study,Box,pencil_box,table,on the,
Fine Art,Costume,Mask,mask,studio,wearing,person
News and Politics,Politics,Lipstick,lipstick,studio,wearing,person
Automotive,Auto Shows,Sign,street_sign,message,display,
Events and Attractions,Outdoor Activities,Pole,maypole,outdoors,,
Events and Attractions,Outdoor Activities,Maze,maze,outdoors,,
Technology & Computing,Consumer Electronics,Printer,printer,work desk,on the,
Home & Garden,Outdoor Decorating,Roof,tile_roof,house,in the,
Events and Attractions,Outdoor Activities,Snake,sea_snake,sea/ocean,in the,
Food & Drink,Cooking,Glass,beer_glass,table,dining,person
Events and Attractions,Parks & Nature,Insects,dragonfly,outdoors,flying,
Home & Garden,Home Appliances,Window Screen,window_screen,house,cleaning,
Fine Art,Design,Bed,four-poster,house,working,
Home & Garden,Home Appliances,Vase,vase,house,in the,
Home & Garden,Remodeling & Construction,Beam,balance_beam,house,constructing,person
Home & Garden,Remodeling & Construction,Window,window_shade,house,constructing,person
Style & Fashion,Personal Care,Hair Accessory,hair_slide,,wearing,person
Home & Garden,Interior Decorating,Hourglass,hourglass,house,in the,
Science,Environment,Hollyhocks,cardoon,outdoors,in the,
Automotive,Auto Repair,Half Track,half_track,,driving,person
Real Estate,Land and Farms,Lighthouse,beacon,coast,by the,
Food & Drink,Cooking,Orange,orange,,dining,person
Shopping,Household Supplies,Store Front,shoe_shop,,shopping,person
Fine Art,Design,Knot,knot,,working,person
Style & Fashion,Designer Clothing,Gown,gown,,speaking,person
Style & Fashion,Designer Clothing,Sweatshirt,sweatshirt,,speaking,person
Pets,Dogs,Dog,Old_English_sheepdog,outdoors,in the,
Healthy Living,Fitness and Exercise,Exercise Bars,parallel_bars,fitness center,exercising,person
Real Estate,Houses,Mobile Home,mobile_home,,working,person
Pets,Dogs,Dog,Scottish_deerhound,outdoors,in the,
Style & Fashion,Designer Clothing,Wool,wool,,speaking,person
News and Politics,Politics,Powder,face_powder,,speaking,person
Events and Attractions,Parks & Nature,Spider,black_and_gold_garden_spider,outdoors,in the,
Education,Homework and Study,Bus,school_bus,,studying,people
Sports,Baseball,Ball Player,ballplayer,stadium,playing,people
Food & Drink,Cooking,Butcher,butcher_shop,,cooking,person
Events and Attractions,Theater Venues and Events,Entertainment,entertainment_center,stage,performing,person
Automotive,Auto Repair,Car,car_wheel,,driving,person
Unsafe,Death/Destruction,Fire Fighters,fire_screen,,activity,first responders
Shopping,Household Supplies,Store Front,grocery_store,,shopping,person
Events and Attractions,Theater Venues and Events,Performance,stage,stadium,performing,
Technology & Computing,Consumer Electronics,Mobile Device,hand-held_computer,,working,person
Home & Garden,Interior Decorating,Desk,desk,office,working,
Business and Finance,Industries,Ruler,monarch,building,speaking,person
Events and Attractions,Theater Venues and Events,Sign,envelope,message,display,
News and Politics,Politics,Robe/Gown,academic_gown,stage,speaking,person
News and Politics,International News,Military,military_uniform,,activity,military/police
Style & Fashion,Women's Fashion,Pin,safety_pin,,speaking,person
Education,Homework and Study,Pencil,pencil_sharpener,building,studying,
Education,Homework and Study,Library,library,building,studying,
Pets,Dogs,Dog,English_springer,outdoors,in the,
Events and Attractions,Parks & Nature,Bird,robin,outdoors,in the,
Home & Garden,Interior Decorating,Seat,throne,house,in the,
Home & Garden,Home Appliances,Grill,rotisserie,house,cooking,person
Home & Garden,Home Appliances,Tub,tub,house,cleaning,person
Home & Garden,Home Appliances,Toilet,toilet_seat,house,cleaning,person
Home & Garden,Home Appliances,Kitchen Appliance,dishwasher,house,cleaning,person
Home & Garden,Home Appliances,Fan,electric_fan,house,cleaning,person
Home & Garden,Home Appliances,Kitchen Appliance,stove,house,cooking,person
Home & Garden,Home Appliances,Kitchen Appliance,washer,house,cleaning,person
Home & Garden,Home Appliances,Wiring,coil,house,cleaning,person
Home & Garden,Home Appliances,Lawn Mower,lawn_mower,house,cleaning,person
Home & Garden,Home Appliances,Oven,Dutch_oven,house,cleaning,person
Music and Audio,Classical Music,Drum,steel_drum,house,performing,person
Home & Garden,Home Appliances,Kitchen Appliance,microwave,house,cooking,person
Automotive,Auto Repair,Pump,gas_pump,gas station,driving,person
Home & Garden,Home Appliances,Sink,bathtub,house,cleaning,person
Home & Garden,Home Appliances,Hand Blower,hand_blower,house,cleaning,person
Home & Garden,Home Appliances,Snow Blower,snowplow,house,cleaning,person
Food & Drink,Alcoholic Beverages,Beer,beer_bottle,table,dining,person
Home & Garden,Home Appliances,Shovel,shovel,house,cleaning,person
Technology & Computing,Computing,Computer,desktop_computer,work desk,using,person
Technology & Computing,Computing,Keyboard,computer_keyboard,work desk,using,person
Technology & Computing,Computing,Loudspeaker,loudspeaker,stage,music,person
Technology & Computing,Computing,Laptop,laptop,work desk,using,person
Technology & Computing,Consumer Electronics,Music Player,CD_player,,using,person
Technology & Computing,Computing,Phone,iPod,,using,person
Technology & Computing,Consumer Electronics,Screen,screen,work desk,using,person
Technology & Computing,Computing,Tablet,notebook,work desk,using,person
Technology & Computing,Computing,Clock,analog_clock,,by the,person
Science,Space and Astronomy,Telescope,radio_telescope,building,near,
Technology & Computing,Computing,Clock,digital_clock,,by the,person
Food & Drink,Desserts and Baking,Pepper,bell_pepper,,by the,person
Food & Drink,Desserts and Baking,Apple Pie,custard_apple,,dining,person
Technology & Computing,Computing,Router,modem,,using,person
Technology & Computing,Consumer Electronics,Calculator,stopwatch,,using,person
Technology & Computing,Consumer Electronics,Cassette Deck,cassette,,using,person
Technology & Computing,Consumer Electronics,Cell Phone,cellular_telephone,,using,person
Music and Audio,Classical Music,Piano,grand_piano,,performing,person
Education,Homework and Study,Document,file,,using,person
Events and Attractions,Theater Venues and Events,Cinema,cinema,,watching,person
Technology & Computing,Consumer Electronics,Joystick,joystick,house,using,person
Technology & Computing,Consumer Electronics,Hard Disk Drive,hard_disc,house,using,person
Technology & Computing,Consumer Electronics,Headset,microphone,stadium,using,person
Technology & Computing,Consumer Electronics,Lens,lens_cap,studio,using,person
Technology & Computing,Consumer Electronics,Microcontroller,oscilloscope,,using,person
Food & Drink,Cooking,Bowl,mixing_bowl,table,dining,person
Home & Garden,Home Appliances,Compass,magnetic_compass,outdoors,hiking,person
Automotive,Auto Repair,Gear Shift,switch,road,driving,person
Technology & Computing,Consumer Electronics,Telephone,dial_telephone,road,using,person
Technology & Computing,Consumer Electronics,Projector,projector,room,using,person
Technology & Computing,Consumer Electronics,Radio,radio,studio,using,person
Technology & Computing,Consumer Electronics,Remote,remote_control,house,using,person
Travel,Travel Locations,Casino,slot,,gambling,person
Technology & Computing,Consumer Electronics,Camera,Teleconverter,,working,person
Technology & Computing,Consumer Electronics,Camera,tripod,,working,person
Books and Literature,Fiction,Typewriter,typewriter_keyboard,,working,person
Video Gaming,Video Game Genres,Video Game,tape_player,,playing,person
Technology & Computing,Consumer Electronics,Lighting,table_lamp,,working,person
Home & Garden,Home Appliances,Fire,candle,,with,person
Home & Garden,Home Appliances,Power Drill,power_drill,house,fixing,person
Business and Finance,Industries,Cash Machine,cash_machine,office,in the,person
Business and Finance,Industries,Bank,piggy_bank,office,in the,
Business and Finance,Industries,Vault,vault,,working,person
Food & Drink,Non-Alcoholic Beverages,Coffee,coffee_mug,,dining,person
Events and Attractions,Outdoor Activities,Barrel,barrel,outdoors,playing,person
Pets,Dogs,Dog,Saint_Bernard,outdoors,in the,
Food & Drink,Non-Alcoholic Beverages,Water,water_ouzel,,dining,person
Food & Drink,Alcoholic Beverages,Cocktail,cocktail_shaker,,dining,person
Food & Drink,Alcoholic Beverages,Wine,wine_bottle,,dining,person
Food & Drink,Non-Alcoholic Beverages,Water,water_bottle,,dining,person
Food & Drink,Non-Alcoholic Beverages,Milk,milk_can,,dining,person
Food & Drink,Desserts and Baking,Sauce,chocolate_sauce,,dining,person
Food & Drink,Desserts and Baking,Ice Cream,ice_cream,,eating,person
Food & Drink,Cooking,Lemon,lemon,,eating,person
Food & Drink,Cooking,Strawberry,strawberry,,eating,person
Food & Drink,Cooking,Pineapple,pineapple,,eating,person
Food & Drink,Cooking,Cheeseburger,cheeseburger,,eating,person
Food & Drink,Desserts and Baking,Ice Cream,ice_lolly,,eating,person
Events and Attractions,Outdoor Activities,Hay,hay,outdoors,near,person
Food & Drink,Alcoholic Beverages,Whiskey,whiskey_jug,,drinking,person
Food & Drink,Cooking,Pan,frying_pan,,cooking,person
Food & Drink,Cooking,Water,water_jug,,drinking,person
Events and Attractions,Bars & Restaurants,Restaurant,restaurant,,dining,person
Pets,Dogs,Dog,Japanese_spaniel,outdoors,in the,
Pets,Dogs,Dog,Italian_greyhound,outdoors,in the,
Events and Attractions,Parks & Nature,Elephant,Indian_elephant,outdoors,in the,
Events and Attractions,Parks & Nature,Bird,European_gallinule,outdoors,in the,
Pets,Dogs,Dog,West_Highland_white_terrier,outdoors,in the,
Food & Drink,Cooking,Knife,cleaver,,dining,person
Food & Drink,Cooking,Bowl,soup_bowl,,eating,person
Food & Drink,Cooking,Cup,cup,,dining,person
Events and Attractions,Outdoor Activities,Dish,Petri_dish,,working,person
Style & Fashion,Women's Fashion,Bag,plastic_bag,,carrying,person
Food & Drink,Cooking,Toaster,toaster,,cooking,person
Food & Drink,Cooking,Pitcher,pitcher,,dining,person
Food & Drink,Cooking,Plate,plate,,dining,person
Food & Drink,Cooking,Platter,plate_rack,,dining,person
Food & Drink,Cooking,Serveware,Serveware,,dining,person
Food & Drink,Cooking,Skewer,spatula,,dining,person
Healthy Living,Fitness and Exercise,Running,running_shoe,outdoors,exercising,person
Food & Drink,Cooking,Teapot,teapot,,dining,person
Food & Drink,Cooking,Mushroom,agaric,,dining,person
Pets,Dogs,Dog,keeshond,outdoors,in the,
Food & Drink,Cooking,Carbonara,carbonara,,dining,person
Food & Drink,Cooking,Artichoke,artichoke,,dining,person
Food & Drink,Cooking,Broccoli,broccoli,,dining,person
Food & Drink,Cooking,Cabbage,head_cabbage,,dining,person
Food & Drink,Cooking,Bread,French_loaf,,dining,person
Food & Drink,Cooking,Potato,mashed_potato,,dining,person
Food & Drink,Cooking,Banana,banana,,dining,person
Food & Drink,Cooking,Baozi,Baozi,,dining,person
Food & Drink,Cooking,Corn,corn,,dining,person
Food & Drink,Cooking,Zucchini,zucchini,,dining,person
Food & Drink,Cooking,Dough,dough,,dining,person
Pets,Dogs,Dog,Chesapeake_Bay_retriever,house,in the,
Food & Drink,Dining Out,Burrito,burrito,,dining,person
Events and Attractions,Parks & Nature,Bear,American_black_bear,wild,in the,
Food & Drink,Dining Out,Bigoli,Bigoli,,dining,person
Food & Drink,Dining Out,Blt,Blt,,dining,person
Food & Drink,Cooking,Brassicaceae,Brassicaceae,,dining,person
Food & Drink,Dining Out,Pizza,pizza,,dining,person
Food & Drink,Dining Out,Brochette,Brochette,,dining,person
Food & Drink,Cooking,Vegetable,cauliflower,,dining,person
Food & Drink,Cooking,Bucatini,Bucatini,,dining,person
Events and Attractions,Parks & Nature,Birds,wing,outdoors,in the,
Food & Drink,Cooking,Bagel,bagel,,dining,person
Food & Drink,Cooking,Butajiru,Butajiru,,dining,person
Food & Drink,Cooking,Caipiroska,Caipiroska,,dining,person
Food & Drink,Cooking,Squash,butternut_squash,,dining,person
Food & Drink,Cooking,Pot Roast,Crock_Pot,,dining,person
Food & Drink,Cooking,Canola,rapeseed,,dining,person
Food & Drink,Cooking,Turducken,potpie,,dining,person
Food & Drink,Cooking,Caponata,Caponata,,dining,person
Food & Drink,Cooking,Carton,carton,,dining,person
Events and Attractions,Bars & Restaurants,Bakery,bakery,,dining,person
Food & Drink,Cooking,Chestnut,sorrel,,dining,person
Food & Drink,Cooking,Chokeberry,Chokeberry,,dining,person
Food & Drink,Cooking,Chow Mein,chow,,dining,person
Food & Drink,Dining Out,Hotdog,hotdog,,dining,person
Food & Drink,Dining Out,Fast Food,guacamole,,dining,person
Food & Drink,Cooking,Fig,fig,,dining,person
Food & Drink,Cooking,Compote,Compote,,dining,person
Food & Drink,Desserts and Baking,Confectionery,confectionery,,dining,person
Food & Drink,Cooking,Croquette,Croquette,,dining,person
Food & Drink,Cooking,Cucumber,cucumber,,dining,person
Food & Drink,Cooking,Jackfruit,jackfruit,,dining,person
Food & Drink,Cooking,Mushroom,mushroom,,dining,person
Food & Drink,Dining Out,Ekiben,Ekiben,,dining,person
Events and Attractions,Parks & Nature,Insects,leafhopper,outdoors,in the,
Events and Attractions,Parks & Nature,Snake,vine_snake,outdoors,in the,
Events and Attractions,Parks & Nature,Shark,great_white_shark,sea/ocean,in the,
Food & Drink,Non-Alcoholic Beverages,Coffee,espresso,,dining,person
Food & Drink,Dining Out,Gimbap,Gimbap,,dining,person
Food & Drink,Dining Out,Gourd,acorn_squash,,dining,person
Food & Drink,Alcoholic Beverages,Wine,red_wine,,drinking,person
Events and Attractions,Parks & Nature,Crab,fiddler_crab,sea/ocean,in the,
Food & Drink,World Cuisines,Gumdrop,pinwheel,,dining,person
Food & Drink,World Cuisines,Chicken,Hendl,,dining,person
Food & Drink,World Cuisines,Hot Pot,hot_pot,,dining,person
Automotive,Auto Type,Truck,garbage_truck,,with,person
Food & Drink,World Cuisines,Katsudon,Katsudon,,dining,person
Events and Attractions,Parks & Nature,Seaweed,sea_cucumber,sea/ocean,in the,
Food & Drink,World Cuisines,Komatsuna,Komatsuna,,dining,person
Food & Drink,World Cuisines,Korokke,Korokke,,dining,person
Food & Drink,World Cuisines,Kuy Teav,Kuy_Teav,,dining,person
Events and Attractions,Parks & Nature,Insects,cicada,outdoors,in the,
Food & Drink,Cooking,Mushroom,Matsutake,,dining,person
Hobbies & Interests,Magic and Illusion,Puzzle,crossword_puzzle,,reading,person
Events and Attractions,Parks & Nature,Tree,Momordica_Charantia,outdoors,in the,
Food & Drink,Cooking,Muffuletta,Muffuletta,,dining,person
Food & Drink,Cooking,Nabemono,Nabemono,,dining,person
Food & Drink,Cooking,Naporitan,Naporitan,,dining,person
Home & Garden,Home Improvement,Nut,screw,,fixing,person
Food & Drink,Cooking,Oliebol,Oliebol,,dining,person
Food & Drink,Cooking,Osechi,Osechi,,dining,person
Food & Drink,Cooking,Panzanella,Panzanella,,dining,person
Food & Drink,Cooking,Pasta,spaghetti_squash,,dining,person
Food & Drink,Dining Out,Pasteles,Pasteles,,dining,person
Food & Drink,Cooking,Pavlova,trifle,,dining,person
Food & Drink,Cooking,Peperoncini,Peperoncini,,dining,person
Food & Drink,Cooking,Pici,Pici,,dining,person
Food & Drink,Cooking,Pimiento,Pimiento,,dining,person
Food & Drink,Cooking,Pitaya,Pitaya,,dining,person
Food & Drink,Cooking,Pluot,Pluot,,dining,person
Food & Drink,Cooking,Poffertjes,Poffertjes,,dining,person
Style & Fashion,Women's Fashion,Clothing,neck_brace,,speaking,person
Food & Drink,Cooking,Pot Pie,pot,,dining,person
Food & Drink,Dining Out,Pretzel,pretzel,,dining,person
Food & Drink,Cooking,Profiterole,Profiterole,,dining,person
Food & Drink,Cooking,Rapini,Rapini,,dining,person
Food & Drink,Cooking,Rissole,Rissole,,dining,person
Food & Drink,Cooking,Salep,Salep,,dining,person
Food & Drink,Cooking,Samgyeopsal,Samgyeopsal,,dining,person
Food & Drink,Cooking,Schnecken,Schnecken,,dining,person
Food & Drink,Cooking,Semifreddo,Semifreddo,,dining,person
Food & Drink,Cooking,Shahe Fen,gar,,dining,person
Food & Drink,Cooking,Shumai,Shumai,,dining,person
Real Estate,Equipment,Dish/Antenna,solar_dish,building,by the,
Food & Drink,Cooking,Siopao,Siopao,,dining,person
Events and Attractions,Parks & Nature,Bird,jay,outdoors,in the,
Education,Homework and Study,Slide Rule,slide_rule,,studying,person
Food & Drink,Cooking,Tarhana,Tarhana,kitchen,dining,person
Food & Drink,Cooking,Timbale,Timbale,kitchen,dining,person
Food & Drink,Cooking,Unadon,Unadon,kitchen,dining,person
Real Estate,Equipment,Machine,vending_machine,work desk,working,person
Food & Drink,Cooking,Waffle,waffle_iron,kitchen,dining,person
Events and Attractions,Parks & Nature,Sea Slug,sea_slug,sea/ocean,in the,
Events and Attractions,Parks & Nature,Turtle,mud_turtle,sea/ocean,in the,
Events and Attractions,Outdoor Activities,Pier,pier,sea/ocean,by the,person
Events and Attractions,Outdoor Activities,Boathouse,boathouse,sea/ocean,by the,person
Events and Attractions,Outdoor Activities,Lake,lakeside,sea/ocean,by the,person
Science,Geography,Valley,valley,outdoors,near,person
Events and Attractions,Outdoor Activities,Dock,dock,sea/ocean,by the,person
Science,Geography,Floodplain,Floodplain,outdoors,near,person
Healthy Living,Fitness and Exercise,Scale,scale,fitness center,exercising,person
Style & Fashion,Women's Fashion,Watch,digital_watch,,wearing,person
Sports,Diving,Diving,scuba_diver,sea/ocean,diving,person
Science,Geography,Shoal,sandbar,coast,near,person
Real Estate,Architecture,Fountain,fountain,urban area,by the,person
Science,Geography,Headland,promontory,coast,near,person
Events and Attractions,Parks & Nature,Fungi,Agaricomycetes,outdoors,in the,
Healthy Living,Fitness and Exercise,Bicycle,mountain_bike,,riding,person
Science,Geography,Cliff,cliff,mountains,near,person
Science,Environment,Cliff,cliff_dwelling,mountains,near,person
Pets,Dogs,Dog,timber_wolf,wild,in the,
Travel,Travel Locations,Tent,mountain_tent,outdoors,camping,person
Travel,Travel Locations,Seashore,seashore,coast,near,person
Home & Garden,Tools & Equipment,Chain Saw,chain_saw,wild,fixing,person
Science,Geology,Mineral,iron,outdoors,in the,
Science,Geography,Volcano,volcano,,near,person
Science,Geography,Geyser,geyser,land formation,near,
Science,Environment,Groundcover,Groundcover,land formation,near,
Events and Attractions,Parks & Nature,Bear,ice_bear,outdoors,in the,
Events and Attractions,Outdoor Activities,Igloo,yurt,tent,near,
Science,Geography,Levee,breakwater,land formation,near,
Science,Geology,Rocks,megalith,land formation,near,
Events and Attractions,Outdoor Activities,Mudflat,Mudflat,outdoors,in the,
Home & Garden,Furniture,Bench,park_bench,urban area,relaxing,person
Real Estate,Land and Farms,Bridge,steel_arch_bridge,urban area,by the,
Events and Attractions,Outdoor Activities,Newfoundland,Newfoundland,outdoors,in the,
Automotive,Auto Repair,Vehicle,oil_filter,,repairing,person
Events and Attractions,Outdoor Activities,Barn,barn,outdoors,in the,
Science,Geography,Rockfall,Rockfall,land formation,near,
Events and Attractions,Outdoor Activities,Shrubland,Shrubland,outdoors,in the,
Events and Attractions,Bars & Restaurants,Bar,pool_table,,relaxing,person
Science,Geography,Surveyor,admiral,outdoors,in the,
Events and Attractions,Parks & Nature,Salamander,European_fire_salamander,outdoors,in the,
Healthy Living,Fitness and Exercise,Parachute,parachute,,exercising,person
Pets,Dogs,Dog,Greater_Swiss_Mountain_dog,house,in the,
Sports,Swimming,Swimming,swimming_trunks,,swimming,person
Home & Garden,Home Improvement,Patio,patio,house,relaxing,person
Sports,Bodybuilding,Bodybuilding,dumbbell,fitness center,exercising,person
Sports,Soccer,Soccer,soccer_ball,stadium,playing,person
Home & Garden,Home Improvement,Area Rug,prayer_rug,house,relaxing,person
Medical Health,Diseases and Conditions,Medicine,medicine_chest,hospital,caring for,person
Music and Audio,Classical Music,Organ,organ,studio,performing,person
Style & Fashion,Women's Fashion,Sunglass,sunglass,outdoors,wearing,person
Style & Fashion,Women's Fashion,Barber,barber_chair,indoors,sitting,person
Healthy Living,Wellness,Drug,pill_bottle,,caring for,person
Unsafe,War/Conflict,Survivors,ambulance,,caring for,first responders
Food & Drink,Cooking,Mushroom,hen-of-the-woods,kitchen,dining,person
Medical Health,Medical Tests,Bandage,Band_Aid,hospital,caring for,
Hobbies & Interests,Magic and Illusion,Puzzle,jigsaw_puzzle,,reading,person
Sports,Tennis,Tennis,tennis_ball,,playing,person
Hobbies & Interests,Arts and Crafts,Bocce,croquet_ball,,playing,person
Events and Attractions,Bars & Restaurants,Bar,space_bar,building,in the,
Hobbies & Interests,Arts and Crafts,Toy,toy_poodle,,relaxing,person
Hobbies & Interests,Arts and Crafts,Balloon,balloon,,partying,people
Automotive,Auto Type,Ship,aircraft_carrier,sea/ocean,navigating,person
Automotive,Auto Type,RV,recreational_vehicle,,driving,person
Real Estate,Land and Farms,Dome,dome,building,by the,
Religion & Spirituality,Christianity,Place of Worship,church,building,praying,people
News and Politics,Politics,Suit,suit,,speaking,people
Home & Garden,Remodeling & Construction,Technician,carpenter's_kit,house,fixing,person
Home & Garden,Remodeling & Construction,Manhole,manhole_cover,house,fixing,person
Home & Garden,Remodeling & Construction,Mortar,Mortarboard,house,constructing,person
Home & Garden,Remodeling & Construction,Mortar,mortar,house,constructing,person
Events and Attractions,Parks & Nature,Leopard,snow_leopard,wild,in the,
Home & Garden,Remodeling & Construction,Thatching,Thatching,house,constructing,person
Home & Garden,Remodeling & Construction,Toolroom,barrow,house,constructing,person
Home & Garden,Interior Decorating,Bookcase,bookcase,house,constructing,person
Home & Garden,Interior Decorating,Bed Frame,folding_chair,house,in the,
Events and Attractions,Personal Celebrations & Life Events,Gift Basket,shopping_basket,store,shopping,person
Home & Garden,Landscaping,Bird Bath,bath_towel,house,in the,
Home & Garden,Interior Decorating,Infant Bed,crib,house,in the,
Home & Garden,Interior Decorating,Centrepiece,Centrepiece,house,in the,
Home & Garden,Interior Decorating,Chair,rocking_chair,house,in the,
Home & Garden,Interior Decorating,Dining Room,dining_table,house,in the,
Home & Garden,Interior Decorating,Lampshade,lampshade,house,in the,
Home & Garden,Interior Decorating,Chiffonier,Chiffonier,house,in the,
Home & Garden,Interior Decorating,Couch,studio_couch,house,in the,
Home & Garden,Interior Decorating,Pantry,refrigerator,house,cooking,person
Home & Garden,Interior Decorating,Bathroom,shower_curtain,house,in the,
Home & Garden,Interior Decorating,Pillow,pillow,house,in the,
Home & Garden,Interior Decorating,Door,sliding_door,house,in the,
Home & Garden,Interior Decorating,Loveseat,Loveseat,house,in the,
Home & Garden,Interior Decorating,Sconce,Sconce,house,in the,
Home & Garden,Interior Decorating,Shutter,reflex_camera,house,in the,
Home & Garden,Interior Decorating,Tablecloth,handkerchief,house,in the,
Automotive,Auto Type,Car,car_mirror,road,driving,person
Home & Garden,Interior Decorating,Binoculars,binoculars,house,in the,
Home & Garden,Interior Decorating,Lathe,spindle,work desk,constructing,person
Sports,Boxing,Boxing,boxer,stadium,playing,person
Real Estate,Land and Farms,Pole,pole,building,by the,
Home & Garden,Interior Decorating,Letter Box,letter_opener,house,in the,
Home & Garden,Interior Decorating,Rope,hook,house,in the,
Home & Garden,Interior Decorating,Storage Tank,tank,house,in the,
Events and Attractions,Outdoor Activities,Rubber,rubber_eraser,outdoors,in the,
Automotive,Auto Type,Ship,container_ship,sea/ocean,navigating,person
Automotive,Auto Type,Van,minivan,road,driving,person
Home & Garden,Interior Decorating,Community,Almshouse,house,in the,
Real Estate,Houses,Home Theater,home_theater,house,in the,
Real Estate,Houses,Mansion,palace,building,by the,
Real Estate,Houses,Parking,parking_meter,road,by the,
Home & Garden,Interior Decorating,Slider,horizontal_bar,house,in the,
Home & Garden,Landscaping,Fence,picket_fence,house,cleaning,person
Events and Attractions,Parks & Nature,Spider,garden_spider,outdoors,in the,
Home & Garden,Landscaping,Greenhouse,greenhouse,house,cleaning,person
Real Estate,Office Property,Auditorium,theater_curtain,stage,by the,
News and Politics,Politics,Wardrobe,wardrobe,,speaking,person
Real Estate,Office Property,Place of Worship,altar,building,by the,
Pets,Dogs,Dog,Tibetan_mastiff,house,in the,
Real Estate,Office Property,Place of Worship,Presbyter,,praying,people
Science,Space and Astronomy,Space Shuttle,space_shuttle,building,near,
Real Estate,Office Property,Aqueduct,viaduct,building,by the,
Real Estate,Office Property,Arch,triumphal_arch,building,by the,
Sports,Baseball,Baseball,baseball,stadium,playing,person
Real Estate,Office Property,Water Castle,water_tower,building,by the,
Events and Attractions,Parks & Nature,Cobra,Indian_cobra,outdoors,in the,
Unsafe,War/Conflict,Weapon,missile,,with,military
Real Estate,Land and Farms,Castle,castle,,praying,people
Real Estate,Office Property,Building,prison,stage,by the,people
Real Estate,Office Property,Dam,dam,building,by the,
Real Estate,Office Property,Turnstile,turnstile,,by the,people
Unsafe,War/Conflict,First Responder,fire_engine,,with,emergency vehicle
Sports,Sailing,Boat,Galeas,sea/ocean,sailing,person
Real Estate,Land and Farms,Monument,obelisk,,by the,people
Real Estate,Land and Farms,Observatory,planetarium,,by the,people
Sports,Skiing,Skiing,ski,outdoors,skiing,person
Real Estate,Office Property,Place of Worship,mosque,building,praying,people
Sports,Football,Helmet,football_helmet,stadium,playing,person
Events and Attractions,Theater Venues and Events,Flag,flagpole,outdoors,in the,
Home & Garden,Construction,Fencing,chainlink_fence,building,cleaning,person
Home & Garden,Home Appliances,Bathroom,toilet_tissue,building,cleaning,person
Home & Garden,Home Appliances,Safe,chain,building,cleaning,person
Home & Garden,Home Appliances,Safe,safe,building,cleaning,person
Events and Attractions,Outdoor Activities,Scarf,feather_boa,outdoors,in the,
Events and Attractions,Outdoor Activities,Bubble,bubble,outdoors,in the,
Events and Attractions,Outdoor Activities,Material,liner,outdoors,in the,
Fine Art,Design,Chest,chest,house,working,person
Events and Attractions,Outdoor Activities,Soap,soap_dispenser,building,in the,
Events and Attractions,Parks & Nature,Spider,barn_spider,outdoors,in the,
Real Estate,Developmental Sites,Headstone,cairn,building,by the,
Pets,Dogs,Dog,miniature_poodle,house,in the,
Real Estate,Developmental Sites,Totem,totem_pole,building,by the,
Events and Attractions,Theater Venues and Events,Audience,television,stage,speaking,person
Automotive,Auto Type,Wagon,beach_wagon,road,driving,person
Sports,Golf,Golf Course,golf_ball,outdoors,playing,person
Shopping,Household Supplies,Shopping Cart,shopping_cart,store,shopping,person
Shopping,Gifts and Greetings Cards,Book Shop,bookshop,store,shopping,person
Unsafe,War/Conflict,Weapon,chain_mail,,with,first responders
Science,Geography,Agriculture,Argonomist,outdoors,in the,
Automotive,Auto Type,Plough,plow,farm,cultivating,person
Automotive,Auto Type,Tractor,tractor,farm,cultivating,person
Style & Fashion,Women's Fashion,Hair Accessory,hair_spray,house,in the,
Events and Attractions,Outdoor Activities,Daisy,daisy,outdoors,in the,
Shopping,Gifts and Greetings Cards,Shop,tobacco_shop,store,shopping,person
Events and Attractions,Outdoor Activities,Flowers,Chrysanths,outdoors,in the,
Events and Attractions,Outdoor Activities,Flowers,Epidendrum,outdoors,in the,
Events and Attractions,Parks & Nature,Snake,night_snake,outdoors,in the,
Science,Environment,Geological Formation,Phragmites,outdoors,in the,
Events and Attractions,Outdoor Activities,Plants,Proteales,outdoors,in the,
Style & Fashion,Women's Fashion,Necklace,necklace,,dressing,person
Unsafe,War/Conflict,Fire,torch,,with,person
Events and Attractions,Parks & Nature,Python,rock_python,outdoors,in the,
Home & Garden,Home Appliances,Lighting,spotlight,work desk,fixing,person
News and Politics,Politics,Doctor/Surgeon,lab_coat,,speaking,person
Unsafe,Death/Destruction,Wreckage,wreck,,with,first responders
Science,Space and Astronomy,Rain,rain_barrel,land formation,near,
Automotive,Auto Type,Traffic,traffic_light,road,driving,person
Sports,Rowing,Boat,canoe,,canoeing,person
Sports,Extreme Sports,Hiking,Canyoning,,hiking,person
Unsafe,War/Conflict,Weapon,assault_rifle,,with,person
Automotive,Auto Type,Boat,catamaran,sea/ocean,navigating,person
Hobbies & Interests,Outdoor Recreation,Kite,kite,outdoors,relaxing,person
Sports,Basketball,Basketball,basketball,stadium,playing,person
Automotive,Auto Type,Car,racer,,driving,person
Sports,Extreme Sports,Sledding,dogsled,mountains,sledding,person
Sports,Extreme Sports,Snow Mobile,snowmobile,mountains,snow-mobiling,person
Sports,Volleyball,Volleyball,volleyball,stadium,playing,person
Automotive,Auto Type,Cycle,unicycle,,riding,person
Sports,Shooting,Archery,rifle,,aiming,person
Sports,Board Sports,Board Sports,Boardsport,,playing,person
Style & Fashion,Women's Fashion,Boot,cowboy_boot,,dressing,person
Automotive,Auto Type,Truck,tow_truck,,driving,person
Sports,Rugby,Rugby,rugby_ball,,playing,people
Sports,Auto Sports,Go-Karting,go-kart,,racing,people
Sports,Wind Surfing,Wind Surfing,Windsport,,wind-surfing,people
Home & Garden,Home Appliances,Can Opener,can_opener,,cooking,person
Sports,Winter Sports,Bobsled,bobsled,,sledding,person
Sports,Walking,Race Walking,Racewalking,,walking,person
Sports,Tennis,Racket,racket,,playing,person
Events and Attractions,Theater Venues and Events,Scoreboard,scoreboard,stadium,in the,
Sports,Ping Pong,Ping Pong,ping-pong_ball,,playing,person
Sports,Fishing Sports,Fishing,pick,sea/ocean,fishing,person
Sports,Cricket,Cricket,cricket,stadium,playing,person
Sports,Waterskiing,Waterskiing,Waterskiing,,water skiing,person
Style & Fashion,Personal Care,Lotion,lotion,,dressing,person
Style & Fashion,Personal Care,Undergarment,brassiere,,dressing,person
Sports,Extreme Sports,Camping,sleeping_bag,outdoors,camping,person
Style & Fashion,Personal Care,Slipper,yellow_lady's_slipper,,dressing,person
Style & Fashion,Personal Care,Swim Wear,bikini,,dressing,person
Style & Fashion,Personal Care,Dress,pajama,,dressing,person
Events and Attractions,Parks & Nature,Animal,ibex,outdoors,in the,
Style & Fashion,Personal Care,Belt,buckle,,speaking,person
Style & Fashion,Fashion Accessories,Turban,Dastar,,speaking,person
Style & Fashion,Fashion Accessories,Jeans,jean,,speaking,person
Style & Fashion,Fashion Accessories,Backpack,backpack,,walking,person
Style & Fashion,Fashion Accessories,Sandal,sandal,,walking,person
Style & Fashion,Fashion Accessories,Hood,bonnet,,speaking,person
Events and Attractions,Theater Venues and Events,Sign,book_jacket,,reading,person
News and Politics,Crowd/Audience,Jersey,jersey,stage,speaking,person
News and Politics,Politics,Kimono,kimono,stage,speaking,person
Style & Fashion,Fashion Accessories,Miniskirt,miniskirt,,speaking,person
News and Politics,Politics,Necktie,bolo_tie,stage,speaking,person
News and Politics,Politics,Overcoat,trench_coat,stage,speaking,person
Style & Fashion,Fashion Accessories,Wallet,wallet,,speaking,person
Style & Fashion,Personal Care,Poncho,poncho,,speaking,person
Style & Fashion,Fashion Accessories,Sari,sarong,,speaking,person
Style & Fashion,Personal Care,Satin,velvet,,speaking,person
Style & Fashion,Personal Care,Socks,sock,,speaking,person
News and Politics,Politics,Hat,cowboy_hat,stage,speaking,person
Automotive,Auto Type,Car,seat_belt,,driving,person
Style & Fashion,Fashion Accessories,Eyewear,sunglasses,,speaking,person
Style & Fashion,Fashion Accessories,Perfume,perfume,,speaking,person
Style & Fashion,Fashion Accessories,Purse,purse,,walking,person
Style & Fashion,Fashion Accessories,Umbrella,umbrella,,speaking,person
Style & Fashion,High Fashion,Robe/Gown,cloak,,speaking,person
Style & Fashion,High Fashion,Suit,groom,stage,speaking,person
Food & Drink,Non-Alcoholic Beverages,Bottle,pop_bottle,,dining,person
Events and Attractions,Religious Events,Christmas,Christmas_stocking,outdoors,in the,
Automotive,Auto Type,Car,passenger_car,,driving,person
Automotive,Auto Type,Car,disk_brake,,driving,person
Automotive,Auto Type,Car,jeep,,driving,person
Automotive,Auto Type,Car,grille,,driving,person
Automotive,Auto Type,Scooter,motor_scooter,,driving,person
Automotive,Auto Type,Locomotive,electric_locomotive,rail,riding,
Automotive,Auto Type,Car,vizsla,,driving,person
Automotive,Auto Type,Limousine,limousine,,driving,person
Automotive,Auto Type,Van,moving_van,goods,transporting,person
Automotive,Auto Type,Moped,moped,,driving,person
Automotive,Auto Type,Car,odometer,,driving,person
Automotive,Auto Type,Truck,pickup,goods,transporting,person
Automotive,Auto Type,Bus,minibus,people,transporting,person
Automotive,Auto Type,Truck,trailer_truck,goods,transporting,person
Automotive,Auto Type,Tram,trolleybus,,riding,person
Automotive,Auto Type,Plane,plane,hangar,flying,
Automotive,Auto Type,Blimp,airship,hangar,flying,
Automotive,Auto Type,Train,bullet_train,rail,riding,
Automotive,Auto Type,Subway,streetcar,rail,riding,
Automotive,Auto Type,Schooner,schooner,sea/ocean,navigating,
Automotive,Auto Type,Freight Car,freight_car,rail,riding,
Automotive,Auto Type,Steamboat,paddlewheel,sea/ocean,riding,
Automotive,Auto Type,Rickshaw,tricycle,,riding,person
Events and Attractions,Parks & Nature,Reptile,American_chameleon,outdoors,in the,
Medical Health,Medical Tests,Medical Equipment,stretcher,hospital,in the,
Shopping,Household Supplies,Toyshop,toyshop,,shopping,person
Home & Garden,Home Appliances,Screwdriver,screwdriver,,fixing,person
Pets,Dogs,Dog,Walker_hound,house,in the,
Home & Garden,Home Appliances,Bannister,bannister,house,in the,
Home & Garden,Home Appliances,Clock,wall_clock,,by the,person
Sports,Boxing,Punching Bag,punching_bag,,exercising,person
Home & Garden,Home Appliances,Rug,bearskin,,on,person
Style & Fashion,Formal Clothing,Professional,abaya,stage,speaking,person
News and Politics,Politics,Professional,maillot,stage,speaking,person
Music and Audio,Classical Music,Flute,flute,,performing,person
News and Politics,Politics,Professional,vestment,stage,speaking,person
Medical Health,Medical Tests,Medical Equipment,syringe,,caring for,person
Pets,Dogs,Dog,borzoi,house,in the,
Music and Audio,Classical Music,Drumstick,drumstick,,performing,person
Automotive,Auto Type,Aircraft,airliner,airport,flying,person
Medical Health,Medical Tests,Medical Equipment,stethoscope,hospital,in the,
Style & Fashion,Formal Clothing,Professional,quill,,performing,person
Home & Garden,Home Appliances,Matchstick,matchstick,,fixing,person
News and Politics,Politics,Professional,Windsor_tie,stage,speaking,person
Shopping,Household Supplies,Store Front,barbershop,,sitting,person
Unsafe,War/Conflict,Weapon,projectile,,with,military
Sports,Mountaineering,Mountain,alp,mountains,hiking,person
Music and Audio,World Music,Harp,abacus,house,in the,
Pets,Dogs,Ferret,black-footed_ferret,house,in the,
News and Politics,Politics,Speaker,bow_tie,stage,speaking,person
Unsafe,War/Conflict,Weapon,whistle,,with,person
Events and Attractions,Parks & Nature,Whale,grey_whale,sea/ocean,in the,
Unsafe,War/Conflict,First Responder,crash_helmet,,with,first responders
Home & Garden,Home Appliances,Tool,tench,,fixing,person
Events and Attractions,Historic Site and Landmark Tours,Railing,crutch,building,in the,
Home & Garden,Home Appliances,Tool,indri,,fixing,person
Home & Garden,Home Appliances,Tool,barbell,,exercising,person
Home & Garden,Home Appliances,Tool,combination_lock,,working,person
Unsafe,War/Conflict,First Responder,gasmask,,with,first responders
Travel,Travel Locations,Carousel,carousel,amusement park,in the,
Science,Space and Astronomy,Comet,cornet,studio,in the,
Music and Audio,Classical Music,Pipes,panpipe,studio,performing,person
Music and Audio,Classical Music,Pipes,caldron,studio,performing,person
Automotive,Auto Type,Car,cab,road,riding,person
Automotive,Auto Type,Rickshaw,jinrikisha,road,riding,person
Unsafe,War/Conflict,Weapon,bow,,with,person
Automotive,Auto Type,Locomotive,steam_locomotive,rail,riding,person
Home & Garden,Home Appliances,Plunger,plunger,work desk,fixing,person
Pets,Dogs,Dog,wire-haired_fox_terrier,house,in the,
Home & Garden,Home Appliances,Tool,chime,work desk,fixing,person
Home & Garden,Home Appliances,Tool,guillotine,work desk,fixing,person
Home & Garden,Home Appliances,Tool,breastplate,work desk,fixing,person
Home & Garden,Home Appliances,Tool,shower_cap,work desk,fixing,person
Music and Audio,Classical Music,Harmonica,harmonica,,playing,person
Home & Garden,Home Appliances,Coffee Maker,espresso_maker,work desk,cooking,person
Home & Garden,Home Appliances,Clog,clog,work desk,fixing,person
Home & Garden,Home Appliances,Pedestal,pedestal,work desk,fixing,person
Sports,Hockey,Puck,puck,stadium,playing,person
Events and Attractions,Parks & Nature,Cat,polecat,outdoors,in the,
Events and Attractions,Parks & Nature,Cat,platypus,outdoors,in the,
Events and Attractions,Parks & Nature,Animal,nipple,outdoors,in the,
Events and Attractions,Parks & Nature,Stork,black_stork,outdoors,in the,
Events and Attractions,Parks & Nature,Dog,Staffordshire_bullterrier,outdoors,in the,
Events and Attractions,Parks & Nature,Bucher,EntleBucher,outdoors,in the,
Music and Audio,Classical Music,Piano,upright,studio,in the,
Home & Garden,Home Appliances,Machine,photocopier,work desk,fixing,person
Events and Attractions,Bars & Restaurants,Restaurant,menu,outdoors,dining,person
Fine Art,Design,Pottery,potters_wheel,work desk,working,person
Education,Homework and Study,Beaker,beaker,building,studying,person
Music and Audio,Classical Music,Wind Instrument,bassoon,,performing,person
Fine Art,Design,Sundial,sundial,outdoors,working,person
Pets,Fish and Aquariums,Fish,goldfish,aquarium,in the,
Home & Garden,Home Appliances,Machine,crate,,working,person
Home & Garden,Home Appliances,Machine,lumbermill,,working,person
Pets,Dogs,Dog,Sussex_spaniel,house,in the,
Home & Garden,Home Appliances,Machine,vacuum,,working,person
Education,Homework and Study,Pen,ballpoint,,working,person
Home & Garden,Home Appliances,Machine,lighter,,working,person
Style & Fashion,Personal Care,Footwear,Loafer,,speaking,person
Home & Garden,Home Appliances,Machine,mortarboard,,working,person
Education,Homework and Study,Books,binder,,working,person
Style & Fashion,Personal Care,Cardigan,cardigan,,speaking,person
Music and Audio,Classical Music,Guitar,acoustic_guitar,studio,performing,person
Music and Audio,World Music,Flute,ocarina,studio,performing,person
News and Politics,Politics,Vest,bulletproof_vest,,military/police,military/police
Medical Health,Diseases and Conditions,Mask,oxygen_mask,hospital,military/police,military/police
News and Politics,Politics,Apron,apron,hospital,caring for,person
Religion & Spirituality,Buddhism,Stupa,stupa,building,praying,person
Music and Audio,Classical Music,Drum,drum,studio,performing,person
Unsafe,Death/Destruction,First Responder,fireboat,,with,emergency vehicle
Medical Health,Diseases and Conditions,Mask,ski_mask,hospital,caring for,person
Unsafe,War/Conflict,Weapon,hatchet,,with,person
Unsafe,War/Conflict,Weapon,warplane,military base,with,military
Events and Attractions,Theater Venues and Events,Computer,monitor,office,working,person
Food & Drink,Non-Alcoholic Beverages,Eggnog,eggnog,kitchen,dining,person
Style & Fashion,Children's Clothing,Baby & Toddler Clothing,diaper,house,caring for,person
Technology & Computing,Consumer Electronics,Monitor,monitor,work desk,working,person
Real Estate,Office Property,Bell Tower,bell_cote,building,by the,
Style & Fashion,Personal Care,Cap,bathing_cap,house,performing,person
Music and Audio,Classical Music,Guitar,electric_guitar,studio,performing,person
Music and Audio,World Music,Gong,gong,studio,performing,person
Events and Attractions,Parks & Nature,Clam,chambered_nautilus,studio,in the,
Music and Audio,Classical Music,Player,cassette_player,studio,performing,person
Music and Audio,Classical Music,Horn,French_horn,studio,performing,person
Music and Audio,Classical Music,Horn,oboe,studio,performing,person
Pets,Dogs,Dog,briard,house,performing,person
Style & Fashion,Personal Care,Lotion,sunscreen,,wearing,person
Automotive,Auto Type,Cart,golfcart,golf,playing,person
Home & Garden,Home Appliances,Flower,earthstar,house,in the,
Home & Garden,Home Appliances,Machine,rule,work desk,fixing,person
Events and Attractions,Parks & Nature,Spoon Bill,spoonbill,wild,in the,
Home & Garden,Home Appliances,Pad Lock,padlock,work desk,fixing,person
Events and Attractions,Parks & Nature,Terrapin,terrapin,wild,in the,
Events and Attractions,Parks & Nature,Vulture,vulture,wild,in the,
Music and Audio,World Music,Marimba,marimba,studio,performing,person
Music and Audio,Classical Music,Saxophone,sax,studio,performing,person
Religion & Spirituality,Christianity,Monastery,monastery,building,praying,person
Automotive,Auto Type,Boat,speedboat,sea/ocean,riding,person
Automotive,Auto Type,Paddle,paddle,sea/ocean,paddling,person
Music and Audio,World Music,Maraca,maraca,studio,performing,person
Home & Garden,Home Appliances,Corkscrew,corkscrew,work desk,fixing,person
Unsafe,War/Conflict,First Responder,police_van,,with,emergency vehicle
Unsafe,War/Conflict,Weapon,holster,,with,person
Style & Fashion,Fashion Accessories,Scarf,stole,,in the,
Style & Fashion,Fashion Accessories,Skirt,hoopskirt,,speaking,person
Home & Garden,Home Appliances,Door,doormat,house,in the,
Home & Garden,Home Improvement,Package,packet,work desk,fixing,person
Home & Garden,Home Appliances,Door,shoji,work desk,fixing,person
Home & Garden,Home Improvement,Tray,tray,work desk,fixing,person
Home & Garden,Home Appliances,Can,ashcan,work desk,fixing,person
Pets,Dogs,Dog,komondor,house,in the,
Pets,Dogs,Dog,Shih-Tzu,house,in the,
Pets,Dogs,Dog,Siberian_husky,house,in the,
Home & Garden,Home Appliances,Broom,broom,work desk,fixing,person
Real Estate,Office Property,Harvester,harvester,site,constructing,person
Automotive,Auto Type,Submarine,submarine,,navigating,military
Unsafe,War/Conflict,Weapon,cannon,,with,military
Automotive,Auto Type,Boat,trimaran,,riding,person
Events and Attractions,Parks & Nature,Elephant,tusker,wild,in the,
Style & Fashion,Fashion Accessories,Bag,mailbag,,carrying,person
Pets,Dogs,Dog,dalmatian,house,in the,
Pets,Dogs,Dog,Labrador_retriever,house,in the,
Events and Attractions,Parks & Nature,Bird,bittern,wild,in the,
Events and Attractions,Parks & Nature,Insects,grasshopper,wild,in the,
Music and Audio,Classical Music,Accordion,accordion,,performing,person
Pets,Dogs,Dog,Lakeland_terrier,house,in the,
Pets,Dogs,Dog,Madagascar_cat,house,in the,
Pets,Dogs,Dog,miniature_pinscher,house,in the,
Pets,Dogs,Dog,Bernese_mountain_dog,house,in the,
Pets,Dogs,Dog,redbone,house,in the,
Science,Space and Astronomy,Barometer,barometer,building,in the,
Pets,Dogs,Dog,Tibetan_terrier,house,in the,
Pets,Dogs,Dog,Saluki,house,in the,
Events and Attractions,Parks & Nature,Bird,red-backed_sandpiper,wild,in the,
Pets,Dogs,Dog,Mexican_hairless,house,in the,
Pets,Dogs,Dog,Appenzeller,house,in the,
Pets,Dogs,Dog,Pembroke,house,in the,
Events and Attractions,Parks & Nature,Monkey,howler_monkey,wild,in the,
Events and Attractions,Parks & Nature,Insects,long-horned_beetle,wild,in the,
Pets,Dogs,Dog,whippet,house,in the,
Unsafe,War/Conflict,Weapon,scabbard,,with,military
Events and Attractions,Parks & Nature,Bird,limpkin,wild,in the,
Pets,Cats,Cat,tabby,house,in the,
Events and Attractions,Parks & Nature,Alligator,American_alligator,sea/ocean,in the,
Pets,Dogs,Dog,Samoyed,house,in the,
Events and Attractions,Parks & Nature,Snake,hognose_snake,wild,in the,
Pets,Dogs,Dog,giant_schnauzer,house,in the,
Events and Attractions,Parks & Nature,Insects,tarantula,wild,in the,
Pets,Dogs,Dog,Irish_wolfhound,house,in the,
Pets,Dogs,Dog,Norwich_terrier,house,in the,
Music and Audio,Classical Music,Cello,cello,,performing,person
Music and Audio,Classical Music,Violin,violin,,performing,person
Pets,Dogs,Dog,Rhodesian_ridgeback,house,in the,
Pets,Dogs,Dog,malinois,house,in the,
Pets,Dogs,Dog,Norwegian_elkhound,house,in the,
Pets,Dogs,Dog,silky_terrier,house,in the,
Events and Attractions,Parks & Nature,Insects,flatworm,wild,in the,
Events and Attractions,Parks & Nature,Insects,bluetick,wild,in the,
Events and Attractions,Parks & Nature,Snake,diamondback,wild,in the,
Events and Attractions,Parks & Nature,Snake,ringneck_snake,wild,in the,
Pets,Dogs,Dog,German_shepherd,house,in the,
Events and Attractions,Parks & Nature,Monkey,macaque,wild,in the,
Pets,Dogs,Dog,soft-coated_wheaten_terrier,house,in the,
Pets,Dogs,Dog,Eskimo_dog,house,in the,
Events and Attractions,Parks & Nature,Bird,brambling,wild,in the,
Pets,Dogs,Dog,Gordon_setter,house,in the,
Pets,Dogs,Dog,basset,house,in the,
Pets,Dogs,Dog,French_bulldog,house,in the,
Pets,Dogs,Dog,English_foxhound,house,in the,
Pets,Dogs,Dog,Boston_bull,house,in the,
Pets,Birds,Bird,redshank,house,in the,
Pets,Dogs,Dog,black-and-tan_coonhound,house,in the,
Events and Attractions,Parks & Nature,Insects,tick,house,in the,
Pets,Dogs,Dog,Brittany_spaniel,house,in the,
Events and Attractions,Parks & Nature,Bird,junco,house,in the,
Events and Attractions,Parks & Nature,Insects,bee_eater,house,in the,
Events and Attractions,Parks & Nature,Bird,American_coot,house,in the,
Events and Attractions,Parks & Nature,Monkey,langur,house,in the,
Events and Attractions,Parks & Nature,Bird,lycaenid,house,in the,
Events and Attractions,Parks & Nature,Bird,coucal,house,in the,
Pets,Dogs,Dog,Weimaraner,house,in the,
Pets,Dogs,Dog,Norfolk_terrier,house,in the,
Pets,Cats,Cat,Persian_cat,house,in the,
Pets,Dogs,Dog,Pomeranian,house,in the,
Pets,Dogs,Dog,Lhasa,house,in the,
Events and Attractions,Parks & Nature,Bird,partridge,house,in the,
Pets,Dogs,Dog,Chihuahua,house,in the,
Pets,Dogs,Dog,Bedlington_terrier,house,in the,
Events and Attractions,Parks & Nature,Parakeet,lorikeet,house,in the,
Events and Attractions,Parks & Nature,Monkey,gibbon,house,in the,
Pets,Dogs,Dog,Doberman,house,in the,
Pets,Dogs,Dog,standard_schnauzer,house,in the,
Pets,Dogs,Dog,eft,house,in the,
Pets,Dogs,Dog,clumber,house,in the,
Real Estate,Office Property,Phone Booth,pay-phone,street,in the,
Automotive,Auto Type,Sailing,yawl,sea/ocean,sailing,person
Music and Audio,World Music,Wind Instrument,conch,,playing,person
Pets,Dogs,Dog,Irish_setter,house,in the,
Home & Garden,Home Appliances,Bathroom,washbasin,,fixing,person
Events and Attractions,Parks & Nature,Mushroom,stinkhorn,house,in the,
Automotive,Auto Type,Boat,gondola,sea/ocean,paddling,person
Automotive,Auto Type,Boat,lifeboat,sea/ocean,paddling,person
Real Estate,Developmental Sites,Suspension Bridge,suspension_bridge,street,in the,
Events and Attractions,Parks & Nature,Bird,albatross,wild,in the,
Automotive,Auto Type,Bicycle,bicycle-built-for-two,,riding,person
Food & Drink,Cooking,Wok,wok,kitchen,dining,person
Sports,Extreme Sports,Snorkeling,snorkel,sea/ocean,swimming,person
Home & Garden,Home Appliances,Bucket,bucket,work desk,fixing,person
Events and Attractions,Parks & Nature,Reptile,Gila_monster,sea/ocean,in the,
Pets,Dogs,Dog,golden_retriever,house,in the,
Style & Fashion,Men's Fashion,Sombrero,sombrero,stadium,in the,
Pets,Dogs,Dog,Great_Dane,house,in the,
Pets,Dogs,Dog,pug,house,in the,
Pets,Dogs,Dog,Irish_water_spaniel,house,in the,
Home & Garden,Home Improvement,Mailbox,mailbox,work desk,fixing,person
Home & Garden,Home Appliances,Roof,thatch,work desk,constructing,person
Home & Garden,Home Appliances,Thresher,thresher,work desk,fixing,person
Sports,Fishing Sports,Fishing,reel,sea/ocean,fishing,person
Home & Garden,Home Appliances,Bedroom,cradle,house,in the,
Events and Attractions,Parks & Nature,Tree,buckeye,wild,in the,
Events and Attractions,Parks & Nature,Mountain,Great_Pyrenees,,hiking,person
Fine Art,Design,Pirate,pirate,,working,person
Food & Drink,Cooking,Consomme,consomme,,dining,person
Events and Attractions,Parks & Nature,Wild Animal,hartebeest,wild,in the,
Events and Attractions,Parks & Nature,Bird,flamingo,wild,in the,
Events and Attractions,Parks & Nature,Bird,white_wolf,wild,in the,
Events and Attractions,Parks & Nature,Nuts,acorn,wild,in the,
Events and Attractions,Parks & Nature,Swing,swing,,playing,people
Food & Drink,Cooking,Ladle,ladle,,dining,person
Events and Attractions,Parks & Nature,Insects,dung_beetle,wild,in the,
Pets,Dogs,Dog,German_short-haired_pointer,house,in the,
Automotive,Auto Type,Car,convertible,,driving,person
Events and Attractions,Parks & Nature,Crab,king_crab,wild,in the,
Events and Attractions,Parks & Nature,Stingray,stingray,wild,in the,
Events and Attractions,Parks & Nature,Bird,American_egret,wild,in the,
Events and Attractions,Parks & Nature,Bees,apiary,wild,in the,
Events and Attractions,Parks & Nature,Barracuda,barracouta,wild,in the,
Pets,Dogs,Dog,Shetland_sheepdog,house,in the,
Events and Attractions,Parks & Nature,Fish,puffer,wild,in the,
Events and Attractions,Parks & Nature,Lizard,frilled_lizard,wild,in the,
Events and Attractions,Parks & Nature,Bird,black_grouse,wild,in the,
Food & Drink,Cooking,Mitten,mitten,,cooking,person
Pets,Dogs,Dog,hip,house,in the,
Pets,Dogs,Dog,Border_collie,house,in the,
Food & Drink,Cooking,Cup,goblet,,dining,person
Real Estate,Developmental Sites,Forklift,forklift,,constructing,person
Fine Art,Design,Pottery,potter's_wheel,,working,person
Fine Art,Design,Pottery,jack-o'-lantern,house,decorating,
Automotive,Auto Type,Cart,oxcart,,carrying,person
Events and Attractions,Parks & Nature,Wild Animal,skunk,wild,in the,
Home & Garden,Home Appliances,Mop,swab,house,cleaning,
Events and Attractions,Parks & Nature,Wild Animal,cock,wild,in the,
Events and Attractions,Parks & Nature,Wild Animal,mousetrap,wild,in the,
Music and Audio,World Music,Wind Instrument,harp,,performing,person
Events and Attractions,Parks & Nature,Wild Animal,whiptail,wild,in the,
Events and Attractions,Parks & Nature,Wild Animal,garter_snake,wild,in the,
Pets,Dogs,Dog,Bouvier_des_Flandres,house,in the,
Food & Drink,Non-Alcoholic Beverages,Bottle,bottlecap,,with,person
Unsafe,War/Conflict,Weapon,cuirass,,with,person
Pets,Dogs,Dog,muzzle,wild,in the,
Events and Attractions,Parks & Nature,Wild Animal,toucan,wild,in the,
Fine Art,Design,Painting,paintbrush,,creating,person
Music and Audio,World Music,Wind Instrument,trombone,,performing,person
Events and Attractions,Parks & Nature,Wild Animal,green_mamba,wild,in the,
,,,beagle,house,in the,
Events and Attractions,Parks & Nature,Wild Animal,Egyptian_cat,wild,in the,